"","prediction1","prediction2"
"1",-0.936576388405906,NA
"2",-0.936576388405906,NA
"3",-0.936576388405906,NA
"4",-0.936576388405906,NA
"5",-0.936576388405906,NA
"6",-0.936576388405906,NA
"7",-0.936576388405906,NA
"8",-0.936576388405906,NA
"9",-0.936576388405906,NA
"10",-0.936576388405906,NA
"11",-0.936576388405906,NA
"12",-0.936576388405906,NA
"13",-0.936576388405906,NA
"14",-0.936576388405906,NA
"15",-0.936576388405906,NA
"16",-0.936576388405906,NA
"17",-0.936576388405906,NA
"18",-0.936576388405906,NA
"19",-0.936576388405906,NA
"20",-0.936576388405906,NA
"21",-0.936576388405906,NA
"22",-0.936576388405906,NA
"23",-0.936576388405906,NA
"24",-0.936576388405906,NA
"25",-0.936576388405906,NA
"26",-0.936576388405906,NA
"27",-0.936576388405906,NA
"28",-0.936576388405906,-1.17751437232971
"29",-0.936576388405906,-1.17484985246059
"30",-0.936576388405906,-1.17218842694294
"31",-0.936576388405906,-1.16953009575253
"32",-0.936576388405906,-1.1668748588651
"33",-0.936576388405906,-1.1642227162564
"34",-0.936576388405906,-1.16157366790219
"35",-0.936576388405906,-1.15892771377822
"36",-0.936576388405906,-1.15628485386024
"37",-0.936576388405906,-1.15364508812399
"38",-0.936576388405906,-1.15100841654523
"39",-0.936576388405906,-1.14837483909972
"40",-0.936576388405906,-1.1457443557632
"41",-0.936576388405906,-1.14311696651142
"42",-0.936576388405906,-1.14049267132013
"43",-0.936576388405906,-1.1378714701651
"44",-0.936576388405906,-1.13525336302206
"45",-0.936576388405906,-1.13263834986676
"46",-0.936576388405906,-1.13002643067497
"47",-0.936576388405906,-1.12741760542243
"48",-0.936576388405906,-1.12481187408488
"49",-0.936576388405906,-1.1222092366381
"50",-0.936576388405906,-1.11960969305781
"51",-0.936576388405906,-1.11701324331978
"52",-0.936576388405906,-1.11441988739976
"53",-0.936576388405906,-1.11182962527349
"54",-0.936576388405906,-1.10924245691674
"55",-0.936576388405906,-1.10665838230524
"56",-0.936576388405906,-1.10407740141475
"57",-0.936576388405906,-1.10149951422103
"58",-0.936576388405906,-1.09892472069982
"59",-0.936576388405906,-1.09635302082687
"60",-0.936576388405906,-1.09378441457794
"61",-0.936576388405906,-1.09121890192877
"62",-0.936576388405906,-1.08865648285513
"63",-0.936576388405906,-1.08609715733275
"64",-0.936576388405906,-1.08354092533739
"65",-0.936576388405906,-1.08098778684481
"66",-0.936576388405906,-1.07843774183074
"67",-0.936576388405906,-1.07589079027095
"68",-0.936576388405906,-1.07334693214119
"69",-0.936576388405906,-1.0708061674172
"70",-0.936576388405906,-1.06826849607473
"71",-0.936576388405906,-1.06573391808955
"72",-0.936576388405906,-1.06320243343739
"73",-0.936576388405906,-1.06067404209402
"74",-0.936576388405906,-1.05814874403518
"75",-0.936576388405906,-1.05562653923662
"76",-0.936576388405906,-1.05310742767409
"77",-0.936576388405906,-1.05059140932335
"78",-0.936576388405906,-1.04807848416015
"79",-0.936576388405906,-1.04556865216023
"80",-0.936576388405906,-1.04306191329935
"81",-0.936576388405906,-1.04055826755326
"82",-0.936576388405906,-1.03805771489771
"83",-0.936576388405906,-1.03556025530846
"84",-0.936576388405906,-1.03306588876125
"85",-0.936576388405906,-1.03057461523183
"86",-0.936576388405906,-1.02808643469596
"87",-0.936576388405906,-1.02560134712938
"88",-0.936576388405906,-1.02311935250785
"89",-0.936576388405906,-1.02064045080712
"90",-0.936576388405906,-1.01816464200294
"91",-0.936576388405906,-1.01569192607107
"92",-0.936576388405906,-1.01322230298724
"93",-0.936576388405906,-1.01075577272722
"94",-0.936576388405906,-1.00829233526675
"95",-0.936576388405906,-1.00583199058159
"96",-0.936576388405906,-1.00337473864749
"97",-0.936576388405906,-1.00092057944019
"98",-0.936576388405906,-0.998469512935456
"99",-0.936576388405906,-0.99602153910903
"100",-0.936576388405906,-0.993576657936666
"101",-0.936576388405906,-0.991134869394115
"102",-0.936576388405906,-0.988696173457128
"103",-0.936576388405906,-0.986260570101457
"104",-0.936576388405906,-0.983828059302851
"105",-0.936576388405906,-0.981398641037063
"106",-0.936576388405906,-0.978972315279843
"107",-0.936576388405906,-0.976549082006943
"108",-0.936576388405906,-0.974128941194115
"109",-0.936576388405906,-0.971711892817108
"110",-0.936576388405906,-0.969297936851675
"111",-0.936576388405906,-0.966887073273565
"112",-0.936576388405906,-0.964479302058532
"113",-0.936576388405906,-0.962074623182325
"114",-0.936576388405906,-0.959673036620696
"115",-0.936576388405906,-0.957274542349396
"116",-0.936576388405906,-0.954879140344176
"117",-0.936576388405906,-0.952486830580788
"118",-0.936576388405906,-0.950097613034982
"119",-0.936576388405906,-0.94771148768251
"120",-0.936576388405906,-0.945328454499122
"121",-0.936576388405906,-0.94294851346057
"122",-0.936576388405906,-0.940571664542605
"123",-0.936576388405906,-0.938197907720979
"124",-0.936576388405906,-0.935827242971442
"125",-0.936576388405906,-0.933459670269746
"126",-0.936576388405906,-0.931095189591641
"127",-0.936576388405906,-0.928733800912879
"128",-0.936576388405906,-0.926375504209212
"129",-0.936576388405906,-0.924020299456389
"130",-0.936576388405906,-0.921668186630163
"131",-0.936576388405906,-0.919319165706284
"132",-0.936576388405906,-0.916973236660503
"133",-0.936576388405906,-0.914630399468573
"134",-0.936576388405906,-0.912290654106243
"135",-0.936576388405906,-0.909954000549266
"136",-0.936576388405906,-0.907620438773392
"137",-0.936576388405906,-0.905289968754373
"138",-0.936576388405906,-0.902962590467958
"139",-0.936576388405906,-0.900638303889901
"140",-0.936576388405906,-0.898317108995951
"141",-0.936576388405906,-0.895999005761861
"142",-0.936576388405906,-0.89368399416338
"143",-0.936576388405906,-0.891372074176261
"144",-0.936576388405906,-0.889063245776255
"145",-0.936576388405906,-0.886757508939112
"146",-0.936576388405906,-0.884454863640584
"147",-0.936576388405906,-0.882155309856421
"148",-0.936576388405906,-0.879858847562376
"149",-0.936576388405906,-0.8775654767342
"150",-0.936576388405906,-0.875275197347642
"151",-0.936576388405906,-0.872988009378456
"152",-0.936576388405906,-0.87070391280239
"153",-0.936576388405906,-0.868422907595198
"154",-0.936576388405906,-0.86614499373263
"155",-0.936576388405906,-0.863870171190437
"156",-0.936576388405906,-0.86159843994437
"157",-0.936576388405906,-0.859329799970181
"158",-0.842243904083303,-0.857064251243621
"159",-0.842243904083303,-0.85480179374044
"160",-0.842243904083303,-0.85254242743639
"161",-0.842243904083303,-0.850286152307222
"162",-0.842243904083303,-0.848032968328688
"163",-0.842243904083303,-0.845782875476538
"164",-0.842243904083303,-0.843535873726523
"165",-0.842243904083303,-0.841291963054396
"166",-0.842243904083303,-0.839051143435906
"167",-0.842243904083303,-0.836813414846805
"168",-0.842243904083303,-0.834578777262845
"169",-0.842243904083303,-0.832347230659776
"170",-0.842243904083303,-0.830118775013349
"171",-0.842243904083303,-0.827893410299316
"172",-0.842243904083303,-0.825671136493427
"173",-0.842243904083303,-0.823451953571435
"174",-0.842243904083303,-0.82123586150909
"175",-0.842243904083303,-0.819022860282143
"176",-0.842243904083303,-0.816812949866345
"177",-0.842243904083303,-0.814606130237449
"178",-0.842243904083303,-0.812402401371204
"179",-0.842243904083303,-0.810201763243361
"180",-0.842243904083303,-0.808004215829673
"181",-0.842243904083303,-0.80580975910589
"182",-0.842243904083303,-0.803618393047763
"183",-0.842243904083303,-0.801430117631044
"184",-0.842243904083303,-0.799244932831483
"185",-0.842243904083303,-0.797062838624833
"186",-0.842243904083303,-0.794883834986843
"187",-0.842243904083303,-0.792707921893266
"188",-0.842243904083303,-0.790535099319851
"189",-0.842243904083303,-0.788365367242351
"190",-0.842243904083303,-0.786198725636517
"191",-0.842243904083303,-0.784035174478099
"192",-0.842243904083303,-0.781874713742849
"193",-0.842243904083303,-0.779717343406519
"194",-0.842243904083303,-0.777563063444858
"195",-0.842243904083303,-0.77541187383362
"196",-0.842243904083303,-0.773263774548553
"197",-0.842243904083303,-0.77111876556541
"198",-0.842243904083303,-0.768976846859942
"199",-0.842243904083303,-0.7668380184079
"200",-0.842243904083303,-0.764702280185035
"201",-0.711199609525785,-0.762569632167098
"202",-0.711199609525785,-0.760440074329841
"203",-0.711199609525785,-0.758313606649014
"204",-0.711199609525785,-0.756190229100369
"205",-0.711199609525785,-0.754069941659657
"206",-0.711199609525785,-0.75195274430263
"207",-0.711199609525785,-0.749838637005037
"208",-0.711199609525785,-0.74772761974263
"209",-0.711199609525785,-0.745619692491162
"210",-0.711199609525785,-0.743514855226381
"211",-0.711199609525785,-0.741413107924041
"212",-0.711199609525785,-0.739314450559892
"213",-0.711199609525785,-0.737218883109685
"214",-0.711199609525785,-0.73512640554917
"215",-0.711199609525785,-0.733037017854101
"216",-0.711199609525785,-0.730950720000227
"217",-0.711199609525785,-0.7288675119633
"218",-0.711199609525785,-0.726787393719071
"219",-0.711199609525785,-0.724710365243291
"220",-0.711199609525785,-0.722636426511711
"221",-0.711199609525785,-0.720565577500082
"222",-0.711199609525785,-0.718497818184156
"223",-0.711199609525785,-0.716433148539684
"224",-0.711199609525785,-0.714371568542416
"225",-0.711199609525785,-0.712313078168105
"226",-0.711199609525785,-0.7102576773925
"227",-0.711199609525785,-0.708205366191354
"228",-0.711199609525785,-0.706156144540418
"229",-0.711199609525785,-0.704110012415442
"230",-0.711199609525785,-0.702066969792177
"231",-0.711199609525785,-0.700027016646376
"232",-0.711199609525785,-0.697990152953789
"233",-0.711199609525785,-0.695956378690167
"234",-0.711199609525785,-0.693925693831261
"235",-0.711199609525785,-0.691898098352823
"236",-0.711199609525785,-0.689873592230603
"237",-0.711199609525785,-0.687852175440354
"238",-0.711199609525785,-0.685833847957825
"239",-0.711199609525785,-0.683818609758769
"240",-0.711199609525785,-0.681806460818935
"241",-0.711199609525785,-0.679797401114077
"242",-0.711199609525785,-0.677791430619944
"243",-0.711199609525785,-0.675788549312287
"244",-0.711199609525785,-0.673788757166859
"245",-0.711199609525785,-0.67179205415941
"246",-0.711199609525785,-0.66979844026569
"247",-0.67111673967479,-0.667807915461453
"248",-0.67111673967479,-0.665820479722448
"249",-0.67111673967479,-0.663836133024426
"250",-0.67111673967479,-0.66185487534314
"251",-0.67111673967479,-0.659876706654339
"252",-0.67111673967479,-0.657901626933776
"253",-0.67111673967479,-0.6559296361572
"254",-0.67111673967479,-0.653960734300365
"255",-0.67111673967479,-0.65199492133902
"256",-0.67111673967479,-0.650032197248916
"257",-0.67111673967479,-0.648072562005806
"258",-0.67111673967479,-0.64611601558544
"259",-0.67111673967479,-0.644162557963569
"260",-0.67111673967479,-0.642212189115944
"261",-0.67111673967479,-0.640264909018317
"262",-0.67111673967479,-0.638320717646439
"263",-0.67111673967479,-0.63637961497606
"264",-0.67111673967479,-0.634441600982933
"265",-0.541101607612016,-0.632506675642807
"266",-0.541101607612016,-0.630574838931435
"267",-0.541101607612016,-0.628646090824568
"268",-0.541101607612016,-0.626720431297956
"269",-0.541101607612016,-0.624797860327351
"270",-0.541101607612016,-0.622878377888503
"271",-0.541101607612016,-0.620961983957165
"272",-0.541101607612016,-0.619048678509087
"273",-0.541101607612016,-0.617138461520021
"274",-0.541101607612016,-0.615231332965717
"275",-0.465529028840425,-0.613327292821927
"276",-0.465529028840425,-0.611426341064401
"277",-0.465529028840425,-0.609528477668892
"278",-0.465529028840425,-0.60763370261115
"279",-0.465529028840425,-0.605742015866926
"280",-0.465529028840425,-0.603853417411972
"281",-0.465529028840425,-0.601967907222038
"282",-0.465529028840425,-0.600085485272876
"283",-0.465529028840425,-0.598206151540237
"284",-0.465529028840425,-0.596329905999872
"285",-0.465529028840425,-0.594456748627532
"286",-0.465529028840425,-0.592586679398969
"287",-0.465529028840425,-0.590719698289933
"288",-0.465529028840425,-0.588855805276176
"289",-0.465529028840425,-0.586995000333449
"290",-0.465529028840425,-0.585137283437503
"291",-0.465529028840425,-0.583282654564089
"292",-0.342896318822342,-0.581431113688959
"293",-0.342896318822342,-0.579582660787863
"294",-0.342896318822342,-0.577737295836552
"295",-0.342896318822342,-0.575895018810779
"296",-0.342896318822342,-0.574055829686293
"297",-0.342896318822342,-0.572219728438846
"298",-0.342896318822342,-0.57038671504419
"299",-0.342896318822342,-0.568556789478075
"300",-0.342896318822342,-0.566729951716253
"301",-0.342896318822342,-0.564906201734474
"302",-0.342896318822342,-0.56308553950849
"303",-0.342896318822342,-0.561267965014053
"304",-0.342896318822342,-0.559453478226912
"305",-0.342896318822342,-0.55764207912282
"306",-0.342896318822342,-0.555833767677527
"307",-0.342896318822342,-0.554028543866785
"308",-0.342896318822342,-0.552226407666345
"309",-0.342896318822342,-0.550427359051957
"310",-0.342896318822342,-0.548631397999374
"311",-0.342896318822342,-0.546838524484346
"312",-0.342896318822342,-0.545048738482625
"313",-0.318371322800556,-0.543262039969961
"314",-0.318371322800556,-0.541478428922106
"315",-0.318371322800556,-0.53969790531481
"316",-0.318371322800556,-0.537920469123826
"317",-0.318371322800556,-0.536146120324904
"318",-0.318371322800556,-0.534374858893795
"319",-0.318371322800556,-0.532606684806251
"320",-0.318371322800556,-0.530841598038022
"321",-0.318371322800556,-0.52907959856486
"322",-0.318371322800556,-0.527320686362517
"323",-0.318371322800556,-0.525564861406742
"324",-0.318371322800556,-0.523812123673287
"325",-0.318371322800556,-0.522062473137904
"326",-0.318371322800556,-0.520315909776344
"327",-0.318371322800556,-0.518572433564357
"328",-0.318371322800556,-0.516832044477696
"329",-0.318371322800556,-0.51509474249211
"330",-0.318371322800556,-0.513360527583351
"331",-0.318371322800556,-0.511629399727171
"332",-0.318371322800556,-0.50990135889932
"333",-0.318371322800556,-0.50817640507555
"334",-0.318371322800556,-0.506454538231612
"335",-0.318371322800556,-0.504735758343257
"336",-0.318371322800556,-0.503020065386236
"337",-0.318371322800556,-0.5013074593363
"338",-0.318371322800556,-0.4995979401692
"339",-0.318371322800556,-0.497891507860689
"340",-0.318371322800556,-0.496188162386515
"341",-0.318371322800556,-0.494487903722432
"342",-0.318371322800556,-0.49279073184419
"343",-0.318371322800556,-0.49109664672754
"344",-0.318371322800556,-0.489405648348234
"345",-0.318371322800556,-0.487717736682022
"346",-0.318371322800556,-0.486032911704655
"347",-0.318371322800556,-0.484351173391886
"348",-0.318371322800556,-0.482672521719464
"349",-0.281306708242582,-0.480996956663141
"350",-0.281306708242582,-0.479324478198669
"351",-0.281306708242582,-0.477655086301799
"352",-0.281306708242582,-0.47598878094828
"353",-0.281306708242582,-0.474325562113866
"354",-0.281306708242582,-0.472665429774307
"355",-0.281306708242582,-0.471008383905353
"356",-0.281306708242582,-0.469354424482757
"357",-0.281306708242582,-0.467703551482269
"358",-0.281306708242582,-0.466055764879641
"359",-0.281306708242582,-0.464411064650623
"360",-0.281306708242582,-0.462769450770967
"361",-0.281306708242582,-0.461130923216424
"362",-0.281306708242582,-0.459495481962746
"363",-0.281306708242582,-0.457863126985682
"364",-0.281306708242582,-0.456233858260985
"365",-0.281306708242582,-0.454607675764406
"366",-0.281306708242582,-0.452984579471695
"367",-0.281306708242582,-0.451364569358604
"368",-0.210289436694884,-0.449747645400885
"369",-0.210289436694884,-0.448133807574287
"370",-0.210289436694884,-0.446523055854563
"371",-0.210289436694884,-0.444915390217464
"372",-0.210289436694884,-0.44331081063874
"373",-0.150690143950788,-0.441709317094143
"374",-0.150690143950788,-0.440110924765765
"375",-0.150690143950788,-0.438515703525511
"376",-0.150690143950788,-0.436923659511983
"377",-0.150690143950788,-0.435334789741717
"378",-0.150690143950788,-0.433749091231248
"379",-0.150690143950788,-0.432166560997109
"380",-0.150690143950788,-0.430587196055835
"381",-0.150690143950788,-0.429010993423961
"382",-0.150690143950788,-0.427437950118022
"383",-0.150690143950788,-0.425868063154551
"384",-0.150690143950788,-0.424301329550084
"385",-0.150690143950788,-0.422737746321155
"386",-0.150690143950788,-0.421177310484298
"387",-0.150690143950788,-0.419620019056049
"388",-0.150690143950788,-0.41806586905294
"389",-0.150690143950788,-0.416514857491509
"390",-0.150690143950788,-0.414966981388287
"391",-0.150690143950788,-0.413422237759811
"392",-0.150690143950788,-0.411880623622615
"393",-0.150690143950788,-0.410342135993233
"394",-0.150690143950788,-0.4088067718882
"395",-0.150690143950788,-0.40727452832405
"396",-0.150690143950788,-0.405745402317319
"397",-0.150690143950788,-0.404219390884539
"398",-0.150690143950788,-0.402696491042247
"399",-0.150690143950788,-0.401176699806976
"400",-0.150690143950788,-0.399660014195262
"401",-0.150690143950788,-0.398146431223638
"402",-0.150690143950788,-0.396635947908639
"403",-0.119927470327795,-0.3951285612668
"404",-0.119927470327795,-0.393624268314655
"405",-0.119927470327795,-0.392123066068739
"406",-0.119927470327795,-0.390624951545587
"407",-0.119927470327795,-0.389129921761732
"408",-0.119927470327795,-0.38763797373371
"409",-0.119927470327795,-0.386149104478055
"410",-0.119927470327795,-0.384663311011301
"411",-0.119927470327795,-0.383180590349983
"412",-0.119927470327795,-0.381700939510636
"413",-0.119927470327795,-0.380224355509794
"414",-0.119927470327795,-0.378750835363992
"415",-0.119927470327795,-0.377280376089764
"416",-0.119927470327795,-0.375812974703645
"417",-0.119927470327795,-0.374348628222169
"418",-0.119927470327795,-0.372887333661871
"419",-0.119927470327795,-0.371429088039286
"420",-0.119927470327795,-0.369973888370947
"421",-0.119927470327795,-0.36852173167339
"422",-0.119927470327795,-0.367072614963149
"423",-0.119927470327795,-0.365626535256758
"424",-0.119927470327795,-0.364183489570753
"425",-0.119927470327795,-0.362743474921667
"426",-0.119927470327795,-0.361306488326035
"427",-0.119927470327795,-0.359872526800393
"428",-0.119927470327795,-0.358441587361273
"429",-0.119927470327795,-0.357013667025211
"430",-0.119927470327795,-0.355588762808742
"431",-0.119927470327795,-0.354166871728399
"432",-0.119927470327795,-0.352747990800718
"433",-0.119927470327795,-0.351332117042233
"434",-0.119927470327795,-0.349919247469479
"435",-0.119927470327795,-0.34850937909899
"436",-0.119927470327795,-0.3471025089473
"437",-0.119927470327795,-0.345698634030944
"438",-0.119927470327795,-0.344297751366457
"439",-0.119927470327795,-0.342899857970374
"440",-0.119927470327795,-0.341504950859228
"441",-0.119927470327795,-0.340113027049554
"442",-0.119927470327795,-0.338724083557888
"443",-0.119927470327795,-0.337338117400762
"444",-0.0985414046468489,-0.335955125594713
"445",-0.0985414046468489,-0.334575105156274
"446",-0.0985414046468489,-0.333198053101981
"447",-0.0985414046468489,-0.331823966448366
"448",-0.0985414046468489,-0.330452842211966
"449",-0.0985414046468489,-0.329084677409315
"450",-0.0985414046468489,-0.327719469056947
"451",-0.0985414046468489,-0.326357214171397
"452",-0.0985414046468489,-0.324997909769198
"453",-0.0985414046468489,-0.323641552866887
"454",-0.0985414046468489,-0.322288140480997
"455",-0.0860401307288909,-0.320937669628063
"456",-0.0860401307288909,-0.31959013732462
"457",-0.0860401307288909,-0.318245540587201
"458",-0.0860401307288909,-0.316903876432342
"459",-0.0860401307288909,-0.315565141876578
"460",-0.0860401307288909,-0.314229333936441
"461",-0.0860401307288909,-0.312896449628468
"462",-0.0860401307288909,-0.311566485969193
"463",-0.0860401307288909,-0.31023943997515
"464",-0.0860401307288909,-0.308915308662874
"465",-0.0860401307288909,-0.307594089048899
"466",-0.0860401307288909,-0.30627577814976
"467",-0.0860401307288909,-0.304960372981991
"468",-0.0860401307288909,-0.303647870562128
"469",-0.0860401307288909,-0.302338267906703
"470",-0.0860401307288909,-0.301031562032253
"471",-0.0860401307288909,-0.299727749955312
"472",-0.0860401307288909,-0.298426828692414
"473",-0.0860401307288909,-0.297128795260093
"474",-0.0860401307288909,-0.295833646674885
"475",-0.0860401307288909,-0.294541379953323
"476",-0.0860401307288909,-0.293251992111943
"477",-0.0860401307288909,-0.291965480167278
"478",-0.0860401307288909,-0.290681841135864
"479",-0.0860401307288909,-0.289401072034235
"480",-0.0860401307288909,-0.288123169878925
"481",-0.0860401307288909,-0.286848131686469
"482",-0.0860401307288909,-0.285575954473402
"483",-0.0860401307288909,-0.284306635256258
"484",-0.0860401307288909,-0.283040171051572
"485",-0.0860401307288909,-0.281776558875878
"486",-0.0860401307288909,-0.28051579574571
"487",-0.0860401307288909,-0.279257878677604
"488",-0.0860401307288909,-0.278002804688094
"489",-0.0860401307288909,-0.276750570793714
"490",-0.0860401307288909,-0.275501174010999
"491",-0.0860401307288909,-0.274254611356483
"492",-0.0860401307288909,-0.273010879846701
"493",-0.0860401307288909,-0.271769976498188
"494",-0.0860401307288909,-0.270531898327478
"495",-0.0860401307288909,-0.269296642351106
"496",-0.0860401307288909,-0.268064205585605
"497",-0.130648215065008,-0.266834585047512
"498",-0.130648215065008,-0.265607777753359
"499",-0.130648215065008,-0.264383780719683
"500",-0.130648215065008,-0.263162590963016
"501",-0.130648215065008,-0.261944205499895
"502",-0.130648215065008,-0.260728621346853
"503",-0.130648215065008,-0.259515835520425
"504",-0.130648215065008,-0.258305845037145
"505",-0.130648215065008,-0.257098646913548
"506",-0.130648215065008,-0.255894238166169
"507",-0.130648215065008,-0.254692615811543
"508",-0.130648215065008,-0.253493776866202
"509",-0.130648215065008,-0.252297718346683
"510",-0.130648215065008,-0.25110443726952
"511",-0.130648215065008,-0.249913930651247
"512",-0.130648215065008,-0.248726195508399
"513",-0.130648215065008,-0.24754122885751
"514",-0.130648215065008,-0.246359027715115
"515",-0.130648215065008,-0.245179589097749
"516",-0.130648215065008,-0.244002910021945
"517",-0.130648215065008,-0.242828987504239
"518",-0.130648215065008,-0.241657818561165
"519",-0.130648215065008,-0.240489400209258
"520",-0.0992516447177179,-0.239323729465052
"521",-0.0992516447177179,-0.238160803345082
"522",-0.0992516447177179,-0.237000618865882
"523",-0.0992516447177179,-0.235843173043986
"524",-0.0992516447177179,-0.23468846289593
"525",-0.0992516447177179,-0.233536485438248
"526",-0.0992516447177179,-0.232387237687474
"527",-0.0992516447177179,-0.231240716660144
"528",-0.0992516447177179,-0.23009691937279
"529",-0.0992516447177179,-0.228955842841949
"530",-0.0992516447177179,-0.227817484084154
"531",-0.0992516447177179,-0.226681840115941
"532",-0.0992516447177179,-0.225548907953843
"533",-0.194519266912819,-0.224418684614395
"534",-0.194519266912819,-0.223291167114133
"535",-0.194519266912819,-0.222166352469589
"536",-0.194519266912819,-0.221044237697299
"537",-0.194519266912819,-0.219924819813798
"538",-0.194519266912819,-0.218808095835619
"539",-0.194519266912819,-0.217694062779299
"540",-0.194519266912819,-0.21658271766137
"541",-0.194519266912819,-0.215474057498367
"542",-0.194519266912819,-0.214368079306826
"543",-0.194519266912819,-0.21326478010328
"544",-0.194519266912819,-0.212164156904265
"545",-0.194519266912819,-0.211066206726314
"546",-0.213182849706403,-0.209970926585962
"547",-0.213182849706403,-0.208878313499744
"548",-0.213182849706403,-0.207788364484195
"549",-0.213182849706403,-0.206701076555848
"550",-0.213182849706403,-0.205616446731239
"551",-0.213182849706403,-0.204534472026902
"552",-0.213182849706403,-0.203455149459372
"553",-0.213182849706403,-0.202378476045182
"554",-0.213182849706403,-0.201304448800868
"555",-0.213182849706403,-0.200233064742964
"556",-0.213182849706403,-0.199164320888005
"557",-0.213182849706403,-0.198098214252525
"558",-0.213182849706403,-0.197034741853059
"559",-0.213182849706403,-0.195973900706141
"560",-0.213182849706403,-0.194915687828306
"561",-0.213182849706403,-0.193860100236088
"562",-0.213182849706403,-0.192807134946023
"563",-0.213182849706403,-0.191756788974644
"564",-0.213182849706403,-0.190709059338485
"565",-0.213182849706403,-0.189663943054083
"566",-0.213182849706403,-0.18862143713797
"567",-0.213182849706403,-0.187581538606682
"568",-0.213182849706403,-0.186544244476754
"569",-0.213182849706403,-0.185509551764719
"570",-0.213182849706403,-0.184477457487112
"571",-0.213182849706403,-0.183447958660468
"572",-0.213182849706403,-0.182421052301321
"573",-0.213182849706403,-0.181396735426207
"574",-0.213182849706403,-0.180375005051658
"575",-0.200786949903231,-0.179355858194211
"576",-0.200786949903231,-0.1783392918704
"577",-0.200786949903231,-0.177325303096758
"578",-0.200786949903231,-0.176313888889821
"579",-0.200786949903231,-0.175305046266123
"580",-0.200786949903231,-0.174298772242199
"581",-0.200786949903231,-0.173295063834583
"582",-0.200786949903231,-0.17229391805981
"583",-0.200786949903231,-0.171295331934414
"584",-0.200786949903231,-0.17029930247493
"585",-0.236826381183914,-0.169305826697892
"586",-0.236826381183914,-0.168314901619836
"587",-0.258440999122107,-0.167326524257294
"588",-0.258440999122107,-0.166340691626803
"589",-0.258440999122107,-0.165357400744897
"590",-0.258440999122107,-0.164376648628109
"591",-0.258440999122107,-0.163398432292975
"592",-0.258440999122107,-0.16242274875603
"593",-0.258440999122107,-0.161449595033807
"594",-0.258440999122107,-0.160478968142841
"595",-0.258440999122107,-0.159510865099668
"596",-0.258440999122107,-0.15854528292082
"597",-0.258440999122107,-0.157582218622834
"598",-0.258440999122107,-0.156621669222243
"599",-0.258440999122107,-0.155663631735582
"600",-0.258440999122107,-0.154708103179385
"601",-0.258440999122107,-0.153755080570188
"602",-0.258440999122107,-0.152804560924524
"603",-0.258440999122107,-0.151856541258928
"604",-0.258440999122107,-0.150911018589935
"605",-0.258440999122107,-0.14996798993408
"606",-0.276595601507099,-0.149027452307896
"607",-0.276595601507099,-0.148089402727918
"608",-0.276595601507099,-0.147153838210681
"609",-0.276595601507099,-0.14622075577272
"610",-0.276595601507099,-0.145290152430569
"611",-0.276595601507099,-0.144362025200762
"612",-0.276595601507099,-0.143436371099834
"613",-0.276595601507099,-0.14251318714432
"614",-0.276595601507099,-0.141592470350754
"615",-0.276595601507099,-0.14067421773567
"616",-0.276595601507099,-0.139758426315604
"617",-0.276595601507099,-0.13884509310709
"618",-0.276595601507099,-0.137934215126662
"619",-0.276595601507099,-0.137025789390854
"620",-0.276595601507099,-0.136119812916202
"621",-0.276595601507099,-0.13521628271924
"622",-0.276595601507099,-0.134315195816503
"623",-0.276595601507099,-0.133416549224524
"624",-0.276595601507099,-0.132520339959839
"625",-0.276595601507099,-0.131626565038982
"626",-0.276595601507099,-0.130735221478488
"627",-0.276595601507099,-0.129846306294891
"628",-0.276595601507099,-0.128959816504725
"629",-0.276595601507099,-0.128075749124526
"630",-0.276595601507099,-0.127194101170828
"631",-0.276595601507099,-0.126314869660165
"632",-0.276595601507099,-0.125438051609071
"633",-0.276595601507099,-0.124563644034083
"634",-0.276595601507099,-0.123692177431098
"635",-0.276595601507099,-0.122827457809479
"636",-0.276595601507099,-0.121970184391863
"637",-0.276595601507099,-0.121120297957541
"638",-0.276595601507099,-0.1202777392858
"639",-0.316597121922216,-0.119442449155929
"640",-0.316597121922216,-0.118614368347218
"641",-0.316597121922216,-0.117793437638954
"642",-0.316597121922216,-0.116979597810427
"643",-0.316597121922216,-0.116172789640926
"644",-0.316597121922216,-0.115372953909739
"645",-0.316597121922216,-0.114580031396155
"646",-0.316597121922216,-0.113793962879463
"647",-0.316597121922216,-0.113014689138953
"648",-0.316597121922216,-0.112242150953911
"649",-0.30668724443801,-0.111476289103629
"650",-0.30668724443801,-0.110717044367393
"651",-0.30668724443801,-0.109964357524494
"652",-0.30668724443801,-0.10921816935422
"653",-0.30668724443801,-0.108478420635859
"654",-0.30668724443801,-0.107745052148701
"655",-0.30668724443801,-0.107018004672034
"656",-0.30668724443801,-0.106297218985148
"657",-0.30668724443801,-0.105582635867331
"658",-0.30668724443801,-0.104874196097871
"659",-0.30668724443801,-0.104171840456058
"660",-0.30668724443801,-0.103475509721181
"661",-0.30668724443801,-0.102785144672528
"662",-0.30668724443801,-0.102100686089388
"663",-0.30668724443801,-0.10142207475105
"664",-0.30668724443801,-0.100749251436803
"665",-0.30668724443801,-0.100082156925935
"666",-0.30668724443801,-0.0994207319977361
"667",-0.30668724443801,-0.0987649174314941
"668",-0.30668724443801,-0.0981146540064982
"669",-0.30668724443801,-0.0974698825020371
"670",-0.30668724443801,-0.0968305436973997
"671",-0.30668724443801,-0.0961965783718748
"672",-0.30668724443801,-0.0955679273047512
"673",-0.30668724443801,-0.0949445312753178
"674",-0.30668724443801,-0.0943263310628632
"675",-0.30668724443801,-0.0937132674466765
"676",-0.30668724443801,-0.0931052812060464
"677",-0.307711173536608,-0.0925023131202617
"678",-0.307711173536608,-0.0919043039686111
"679",-0.307711173536608,-0.0913111945303837
"680",-0.307711173536608,-0.0907229255848681
"681",-0.307711173536608,-0.0901394379113532
"682",-0.307711173536608,-0.0895606722891278
"683",-0.307711173536608,-0.0889865694974807
"684",-0.307711173536608,-0.0884170703157008
"685",-0.307711173536608,-0.0878521155230768
"686",-0.307711173536608,-0.0872916458988975
"687",-0.307711173536608,-0.086735602222452
"688",-0.307711173536608,-0.0861839252730288
"689",-0.307711173536608,-0.0856365558299168
"690",-0.307711173536608,-0.0850934346724049
"691",-0.307711173536608,-0.0845545025797819
"692",-0.307711173536608,-0.0840197003313365
"693",-0.307711173536608,-0.0834889687063577
"694",-0.307711173536608,-0.0829622484841342
"695",-0.307711173536608,-0.0824394804439548
"696",-0.307711173536608,-0.0819206053651085
"697",-0.307711173536608,-0.0814055640268839
"698",-0.307711173536608,-0.0808942972085698
"699",-0.307711173536608,-0.0803867456894552
"700",-0.307711173536608,-0.0798828502488289
"701",-0.307711173536608,-0.0793825516659796
"702",-0.324789592959156,-0.0788857907201962
"703",-0.324789592959156,-0.0783925081907675
"704",-0.324789592959156,-0.0779026448569823
"705",-0.324789592959156,-0.0774161414981294
"706",-0.324789592959156,-0.0769329388934978
"707",-0.324789592959156,-0.076452977822376
"708",-0.324789592959156,-0.0759761990640531
"709",-0.324789592959156,-0.0755025433978177
"710",-0.324789592959156,-0.0750319516029588
"711",-0.324789592959156,-0.0745643644587652
"712",-0.324789592959156,-0.0740997227445255
"713",-0.289246008439805,-0.0736379672395289
"714",-0.289246008439805,-0.0731790387230638
"715",-0.289246008439805,-0.0727228779744193
"716",-0.289246008439805,-0.0722694257728842
"717",-0.289246008439805,-0.0718186228977472
"718",-0.289246008439805,-0.0713704101282972
"719",-0.289246008439805,-0.070924728243823
"720",-0.289246008439805,-0.0704815180236134
"721",-0.289246008439805,-0.0700407202469572
"722",-0.289246008439805,-0.0696022756931433
"723",-0.289246008439805,-0.0691661251414605
"724",-0.275277193082087,-0.0687322093711975
"725",-0.275277193082087,-0.0683004691616433
"726",-0.275277193082087,-0.0678708452920865
"727",-0.275277193082087,-0.0674432785418162
"728",-0.275277193082087,-0.067017709690121
"729",-0.275277193082087,-0.0665940795162897
"730",-0.275277193082087,-0.0661723287996113
"731",-0.275277193082087,-0.0657523983193746
"732",-0.275277193082087,-0.0653342288548682
"733",-0.275277193082087,-0.0649177611853811
"734",-0.275277193082087,-0.0645029360902021
"735",-0.256209141489927,-0.0640896943486199
"736",-0.256209141489927,-0.0636779767399235
"737",-0.256209141489927,-0.0632677240434016
"738",-0.256209141489927,-0.0628588770383431
"739",-0.256209141489927,-0.0624513765040368
"740",-0.256209141489927,-0.0620451632197714
"741",-0.256209141489927,-0.0616401779648358
"742",-0.256209141489927,-0.0612363615185189
"743",-0.256209141489927,-0.0608336546601095
"744",-0.256209141489927,-0.0604319981688963
"745",-0.256209141489927,-0.0600313328241681
"746",-0.256209141489927,-0.0596315994052139
"747",-0.204418263962303,-0.0592327386913224
"748",-0.204418263962303,-0.0588346914617824
"749",-0.204418263962303,-0.0584373984958828
"750",-0.204418263962303,-0.0580408005729124
"751",-0.204418263962303,-0.0576448384721599
"752",-0.182868394350416,-0.0572494529729143
"753",-0.182868394350416,-0.0568545848544643
"754",-0.182868394350416,-0.0564601748960988
"755",-0.182868394350416,-0.0560661638771065
"756",-0.182868394350416,-0.0556724925767764
"757",-0.182868394350416,-0.0552791017743971
"758",-0.182868394350416,-0.0548859322492576
"759",-0.162674744746587,-0.0544929247806466
"760",-0.162674744746587,-0.0541000201478529
"761",-0.162674744746587,-0.0537071591301655
"762",-0.162674744746587,-0.053314282506873
"763",-0.162674744746587,-0.0529213310572644
"764",-0.162674744746587,-0.0525282455606285
"765",-0.162674744746587,-0.0521349667962539
"766",-0.162674744746587,-0.0517414355434297
"767",-0.162674744746587,-0.0513475925814445
"768",-0.162674744746587,-0.0509533786895873
"769",-0.162674744746587,-0.0505587346471468
"770",-0.162674744746587,-0.0501636012334118
"771",-0.162674744746587,-0.0497679192276713
"772",-0.162674744746587,-0.0493716294092139
"773",-0.162674744746587,-0.0489746725573285
"774",-0.162674744746587,-0.0485769894513039
"775",-0.162674744746587,-0.048178520870429
"776",-0.162674744746587,-0.0477792075939926
"777",-0.162674744746587,-0.0473789904012835
"778",-0.162674744746587,-0.0469778100715904
"779",-0.162674744746587,-0.0465756073842023
"780",-0.162674744746587,-0.0461723231184079
"781",-0.162674744746587,-0.045767898053496
"782",-0.162674744746587,-0.0453622729687556
"783",-0.162674744746587,-0.0449553886434753
"784",-0.162674744746587,-0.0445471858569441
"785",-0.162674744746587,-0.0441376053884506
"786",-0.162674744746587,-0.0437265880172839
"787",-0.162674744746587,-0.0433140745227326
"788",-0.162674744746587,-0.0429000056840856
"789",-0.162674744746587,-0.0424843222806317
"790",-0.162674744746587,-0.0420669650916597
"791",-0.162674744746587,-0.0416478748964585
"792",-0.162674744746587,-0.0412269924743168
"793",-0.162674744746587,-0.0408042586045236
"794",-0.162674744746587,-0.0403796140663675
"795",-0.162674744746587,-0.0399529996391374
"796",-0.162674744746587,-0.0395243561021222
"797",-0.162674744746587,-0.0390936242346107
"798",-0.162674744746587,-0.0386607448158916
"799",-0.162674744746587,-0.0382256586252538
"800",-0.162674744746587,-0.0377883064419861
"801",-0.162674744746587,-0.037348628858309
"802",-0.162674744746587,-0.0369050825335111
"803",-0.162674744746587,-0.0364562822929606
"804",-0.162674744746587,-0.0360023073539806
"805",-0.162674744746587,-0.0355432369338942
"806",-0.162674744746587,-0.0350791502500247
"807",-0.162674744746587,-0.0346101265196951
"808",-0.128925843464718,-0.0341362449602284
"809",-0.128925843464718,-0.033657584788948
"810",-0.128925843464718,-0.0331742252231767
"811",-0.128925843464718,-0.0326862454802379
"812",-0.128925843464718,-0.0321937247774545
"813",-0.128925843464718,-0.0316967423321497
"814",-0.128925843464718,-0.0311953773616466
"815",-0.128925843464718,-0.0306897090832684
"816",-0.128925843464718,-0.0301798167143382
"817",-0.128925843464718,-0.0296657794721791
"818",-0.128925843464718,-0.0291476765741141
"819",-0.128925843464718,-0.0286255872374665
"820",-0.129477715218077,-0.0280995906795594
"821",-0.129477715218077,-0.0275697661177157
"822",-0.129477715218077,-0.0270361927692587
"823",-0.129477715218077,-0.0264989498515115
"824",-0.129477715218077,-0.0259581165817973
"825",-0.129477715218077,-0.0254137721774391
"826",-0.129477715218077,-0.02486599585576
"827",-0.129477715218077,-0.0243148668340833
"828",-0.129477715218077,-0.0237604643297319
"829",-0.129477715218077,-0.023202867560029
"830",-0.129477715218077,-0.0226421557422976
"831",-0.129477715218077,-0.0220784080938611
"832",-0.129477715218077,-0.0215117038320424
"833",-0.129477715218077,-0.0209421221741647
"834",-0.129477715218077,-0.0203697423375511
"835",-0.129477715218077,-0.0197946435395248
"836",-0.129477715218077,-0.0192169049974087
"837",-0.129477715218077,-0.0186366059285262
"838",-0.129477715218077,-0.0180538255502
"839",-0.0595301544993804,-0.0174686430797537
"840",-0.0595301544993804,-0.0168811377345102
"841",-0.0595301544993804,-0.0162913887317927
"842",-0.0595301544993804,-0.0156994752889241
"843",-0.0595301544993804,-0.0151054766232278
"844",-0.0595301544993804,-0.0145094719520267
"845",-0.0018753371831222,-0.013911540492644
"846",-0.0018753371831222,-0.0133117614624029
"847",-0.0018753371831222,-0.0127102140786262
"848",-0.0018753371831222,-0.0121069775586375
"849",-0.0018753371831222,-0.0115021311197596
"850",-0.0018753371831222,-0.0108957539793157
"851",-0.0018753371831222,-0.010287925354629
"852",-0.0018753371831222,-0.00967872446302242
"853",-0.0018753371831222,-0.00906823052181924
"854",-0.0018753371831222,-0.00845652274834253
"855",-0.0018753371831222,-0.00784368035991529
"856",-0.0018753371831222,-0.00722978257386088
"857",-0.0018753371831222,-0.00661490860750228
"858",-0.0018753371831222,-0.00599913767816264
"859",-0.0018753371831222,-0.00538254900316505
"860",-0.0018753371831222,-0.00476522179983265
"861",-0.0018753371831222,-0.00414723528548854
"862",-0.0018753371831222,-0.00352866867745585
"863",-0.0018753371831222,-0.0029096011930576
"864",0.0264789010874006,-0.0022901120496171
"865",0.0264789010874006,-0.00167028046445738
"866",0.0264789010874006,-0.00105018565490155
"867",0.0264789010874006,-0.000429906838272735
"868",0.0264789010874006,0.000190476768105942
"869",0.051343770548814,0.000810885946911386
"870",0.051343770548814,0.00143124148082046
"871",0.051343770548814,0.00205146415251015
"872",0.051343770548814,0.00267147474465713
"873",0.051343770548814,0.00329119403993838
"874",0.051343770548814,0.0039105428210308
"875",0.051343770548814,0.00452944187061126
"876",0.051343770548814,0.00514781197135664
"877",0.051343770548814,0.00576557390594382
"878",0.051343770548814,0.00638264845704968
"879",0.061132043688919,0.00699895640735112
"880",0.061132043688919,0.00761441853952511
"881",0.061132043688919,0.00822895563624832
"882",0.061132043688919,0.00884248848019773
"883",0.061132043688919,0.00945493785405024
"884",0.061132043688919,0.0100662245404827
"885",0.061132043688919,0.0106762693221721
"886",0.061132043688919,0.0112849929817952
"887",0.05189903217794,0.0118923163020288
"888",0.05189903217794,0.0124981600655501
"889",0.05189903217794,0.0131024450550357
"890",0.05189903217794,0.0137050920531625
"891",0.05189903217794,0.0143060218426075
"892",0.05189903217794,0.0149051552060475
"893",0.05189903217794,0.0155024129261594
"894",0.0709948257273367,0.0160977157856201
"895",0.0709948257273367,0.0166909845671065
"896",0.0709948257273367,0.0172821400532955
"897",0.0709948257273367,0.0178711030268639
"898",0.0709948257273367,0.0184577942704885
"899",0.0709948257273367,0.0190421345668464
"900",0.0709948257273367,0.0196240446986143
"901",0.0709948257273367,0.0202034454484692
"902",0.0709948257273367,0.0207802575990879
"903",0.0709948257273367,0.0213544019331474
"904",0.0709948257273367,0.0219257992333244
"905",0.0709948257273367,0.022494370282296
"906",0.122948744011526,0.0230600358627389
"907",0.122948744011526,0.0236227167573301
"908",0.122948744011526,0.0241823337487464
"909",0.122948744011526,0.0247388076196646
"910",0.122948744011526,0.0252920591527618
"911",0.122948744011526,0.0258420091307147
"912",0.122948744011526,0.0263885783362003
"913",0.122948744011526,0.0269316875518956
"914",0.122948744011526,0.0274712575604771
"915",0.122948744011526,0.028007209144622
"916",0.122948744011526,0.028539463087007
"917",0.122948744011526,0.0290679401703091
"918",0.122948744011526,0.0295925611772051
"919",0.122948744011526,0.0301132468903719
"920",0.122948744011526,0.0306299180924865
"921",0.122948744011526,0.0311424955662257
"922",0.122948744011526,0.0316509000942663
"923",0.122948744011526,0.0321550524592853
"924",0.122948744011526,0.0326548734439595
"925",0.122948744011526,0.0331502838309658
"926",0.122948744011526,0.0336412044029811
"927",0.122948744011526,0.0341275559426823
"928",0.122948744011526,0.0346092592327462
"929",0.122948744011526,0.0350862350558498
"930",0.122948744011526,0.0355584041946699
"931",0.122948744011526,0.0360256874318834
"932",0.122948744011526,0.0364880055501672
"933",0.122948744011526,0.0369452793321981
"934",0.150165554360324,0.0373974295606531
"935",0.150165554360324,0.037844377018209
"936",0.150165554360324,0.0382860424875427
"937",0.150165554360324,0.0387223467513311
"938",0.150165554360324,0.0391532105922511
"939",0.150165554360324,0.0395785547929796
"940",0.150165554360324,0.0399983001361933
"941",0.150165554360324,0.0404123674045693
"942",0.150165554360324,0.0408206773807843
"943",0.150165554360324,0.0412231508475154
"944",0.150165554360324,0.0416197085874393
"945",0.150165554360324,0.042010271383233
"946",0.150165554360324,0.0423947600175733
"947",0.150165554360324,0.0427730952731371
"948",0.150165554360324,0.0431451979326012
"949",0.150165554360324,0.0435109887786426
"950",0.150165554360324,0.0438703885939382
"951",0.150165554360324,0.0442233181611648
"952",0.150165554360324,0.0445696982629993
"953",0.150165554360324,0.0449094496821186
"954",0.150165554360324,0.0452424932011996
"955",0.150165554360324,0.0455687496029192
"956",0.150165554360324,0.0458881396699542
"957",0.150165554360324,0.0462005841849814
"958",0.212409368642092,0.0465060039306779
"959",0.212409368642092,0.0468043196897205
"960",0.212409368642092,0.047095452244786
"961",0.212409368642092,0.0473793223785514
"962",0.212409368642092,0.0476558508736935
"963",0.212409368642092,0.0479249585128893
"964",0.212409368642092,0.0481865660788155
"965",0.212409368642092,0.048440594354149
"966",0.212409368642092,0.0486857282087259
"967",0.212409368642092,0.0489197469536255
"968",0.212409368642092,0.0491426723522915
"969",0.212409368642092,0.0493545717901294
"970",0.212409368642092,0.0495555126525449
"971",0.212409368642092,0.0497455623249437
"972",0.212409368642092,0.0499247881927314
"973",0.212409368642092,0.0500932576413137
"974",0.212409368642092,0.0502510380560961
"975",0.212409368642092,0.0503981968224845
"976",0.212409368642092,0.0505348013258844
"977",0.212409368642092,0.0506609189517015
"978",0.212409368642092,0.0507766170853414
"979",0.212409368642092,0.0508819631122099
"980",0.212409368642092,0.0509770244177124
"981",0.212409368642092,0.0510618683872548
"982",0.212409368642092,0.0511365624062427
"983",0.212409368642092,0.0512011738600816
"984",0.212409368642092,0.0512557701341773
"985",0.212409368642092,0.0513004186139355
"986",0.220184400424541,0.0513351866847617
"987",0.220184400424541,0.0513601417320616
"988",0.220184400424541,0.051375351141241
"989",0.220184400424541,0.0513808822977053
"990",0.220184400424541,0.0513768025868604
"991",0.220184400424541,0.0513631793941118
"992",0.220184400424541,0.0513400801048652
"993",0.220184400424541,0.0513075721045263
"994",0.220184400424541,0.0512657227785007
"995",0.220184400424541,0.051214599512194
"996",0.220184400424541,0.051154269691012
"997",0.220184400424541,0.0510848007003602
"998",0.220184400424541,0.0510062599256443
"999",0.220184400424541,0.0509187147522701
"1000",0.220184400424541,0.050822232565643
"1001",0.220184400424541,0.0507168807511689
"1002",0.220184400424541,0.0506027266942533
"1003",0.220184400424541,0.0504798377803019
"1004",0.220184400424541,0.0503482813947204
"1005",0.220184400424541,0.0502081249229143
"1006",0.220184400424541,0.0500594357502894
"1007",0.220184400424541,0.0499022812622514
"1008",0.220184400424541,0.0497367288442057
"1009",0.220184400424541,0.0495628458815583
"1010",0.220184400424541,0.0493806997597146
"1011",0.220184400424541,0.0491903578640803
"1012",0.220184400424541,0.0489918875800611
"1013",0.220184400424541,0.0487853562930626
"1014",0.217944930330763,0.0485708313884906
"1015",0.217944930330763,0.0483483802517506
"1016",0.217944930330763,0.0481180702682483
"1017",0.217944930330763,0.0478799688233893
"1018",0.217944930330763,0.0476341433025794
"1019",0.217944930330763,0.0473806610912241
"1020",0.217944930330763,0.0471195895747292
"1021",0.217944930330763,0.0468509961385002
"1022",0.217944930330763,0.0465749481679428
"1023",0.217944930330763,0.0462915130484627
"1024",0.217944930330763,0.0460007581654656
"1025",0.217944930330763,0.0457027509043571
"1026",0.217944930330763,0.0453975586505428
"1027",0.217944930330763,0.0450852487894284
"1028",0.217944930330763,0.0447658887064195
"1029",0.217944930330763,0.0444395457869219
"1030",0.217944930330763,0.044106287416341
"1031",0.217944930330763,0.0437661809800828
"1032",0.217944930330763,0.0434192938635527
"1033",0.217944930330763,0.0430656934521564
"1034",0.217944930330763,0.0427054471312996
"1035",0.217944930330763,0.042338622286388
"1036",0.217944930330763,0.0419652863028271
"1037",0.217944930330763,0.0415855065660227
"1038",0.217944930330763,0.0411993504613803
"1039",0.217944930330763,0.0408068853743057
"1040",0.217944930330763,0.0404081786902045
"1041",0.217944930330763,0.0400032977944824
"1042",0.217944930330763,0.0395923100725449
"1043",0.217944930330763,0.0391752829097979
"1044",0.217944930330763,0.0387522836916468
"1045",0.217944930330763,0.0383233798034975
"1046",0.217944930330763,0.0378886386307554
"1047",0.217944930330763,0.0374481275588264
"1048",0.217944930330763,0.0370019139731159
"1049",0.217944930330763,0.0365500652590298
"1050",0.217944930330763,0.0360926488019737
"1051",0.225860305694278,0.0356297319873531
"1052",0.225860305694278,0.0351613822005738
"1053",0.225860305694278,0.0346876668270414
"1054",0.225860305694278,0.0342086532521615
"1055",0.225860305694278,0.0337244088613398
"1056",0.225860305694278,0.033235001039982
"1057",0.225860305694278,0.0327404971734938
"1058",0.225860305694278,0.0322409646472807
"1059",0.225860305694278,0.0317364708467485
"1060",0.225860305694278,0.0312270831573028
"1061",0.225860305694278,0.0307128689643492
"1062",0.225860305694278,0.0301938956532934
"1063",0.225860305694278,0.0296702306095409
"1064",0.225860305694278,0.0291419412184977
"1065",0.225860305694278,0.0286090948655692
"1066",0.225860305694278,0.0280717589361611
"1067",0.225860305694278,0.0275300008156791
"1068",0.225860305694278,0.0269838878895289
"1069",0.225860305694278,0.0264334875431159
"1070",0.225860305694278,0.0258788671618461
"1071",0.225860305694278,0.0253200941311248
"1072",0.225860305694278,0.0247572358363579
"1073",0.225860305694278,0.024190359662951
"1074",0.225860305694278,0.0236195329963098
"1075",0.225860305694278,0.0230448232218399
"1076",0.225860305694278,0.0224662977249469
"1077",0.225860305694278,0.0218840238910366
"1078",0.222314740863937,0.0212980691055145
"1079",0.222314740863937,0.0207085007537863
"1080",0.222314740863937,0.0201153862212576
"1081",0.222314740863937,0.0195187928933342
"1082",0.222314740863937,0.0189187881554218
"1083",0.222314740863937,0.0183154393929258
"1084",0.187120425264866,0.017708813991252
"1085",0.187120425264866,0.0170989793358061
"1086",0.187120425264866,0.0164860028119937
"1087",0.187120425264866,0.0158699518052204
"1088",0.187120425264866,0.0152508937008918
"1089",0.187120425264866,0.0146288958844138
"1090",0.187120425264866,0.0140040257411919
"1091",0.187120425264866,0.0133763506566317
"1092",0.187120425264866,0.012745938016139
"1093",0.187120425264866,0.0121128552051194
"1094",0.187120425264866,0.0114771696089785
"1095",0.187120425264866,0.010838948613122
"1096",0.187120425264866,0.0101982596029554
"1097",0.187120425264866,0.0095551699638846
"1098",0.187120425264866,0.00890974708131515
"1099",0.187120425264866,0.00826205834065272
"1100",0.187120425264866,0.00761217112730292
"1101",0.187120425264866,0.00696015282667146
"1102",0.187120425264866,0.00630607082416395
"1103",0.187120425264866,0.00564999250518606
"1104",0.187120425264866,0.00499198525514345
"1105",0.187120425264866,0.00433211645944166
"1106",0.187120425264866,0.00367045350348653
"1107",0.187120425264866,0.00300706377268367
"1108",0.187120425264866,0.00234201465243868
"1109",0.17997606080724,0.00167537352815725
"1110",0.17997606080724,0.001007207785245
"1111",0.17997606080724,0.000337584809107618
"1112",0.17997606080724,-0.000333428014849263
"1113",0.17997606080724,-0.0010057633012201
"1114",0.17997606080724,-0.001679353664599
"1115",0.17997606080724,-0.00235413171958044
"1116",0.17997606080724,-0.00303003008075875
"1117",0.17997606080724,-0.00370698136272828
"1118",0.17997606080724,-0.00438491818008339
"1119",0.17997606080724,-0.00506377314741841
"1120",0.17997606080724,-0.00574347887932768
"1121",0.17997606080724,-0.00642396799040569
"1122",0.17997606080724,-0.00710517309524653
"1123",0.17997606080724,-0.00778702680844466
"1124",0.17997606080724,-0.00846946174459442
"1125",0.17997606080724,-0.0091524105182902
"1126",0.127648259706011,-0.00983580574412629
"1127",0.127648259706011,-0.0105195800366971
"1128",0.127648259706011,-0.0112036660105969
"1129",0.127648259706011,-0.01188799628042
"1130",0.127648259706011,-0.0125725034607611
"1131",0.127648259706011,-0.013257120166214
"1132",0.127648259706011,-0.0139417790113734
"1133",0.127648259706011,-0.0146264126108335
"1134",0.127648259706011,-0.0153109535791887
"1135",0.127648259706011,-0.0159953345310334
"1136",0.127648259706011,-0.0166794880809618
"1137",0.127648259706011,-0.0173633468435685
"1138",0.127648259706011,-0.0180468434334476
"1139",0.127648259706011,-0.0187299104651935
"1140",0.127648259706011,-0.0194124805534006
"1141",0.127648259706011,-0.0200944863126632
"1142",0.0932141661378521,-0.0207758603575757
"1143",0.0932141661378521,-0.0214565353027324
"1144",0.0932141661378521,-0.0221364437627277
"1145",0.0932141661378521,-0.0228155183521558
"1146",0.0932141661378521,-0.0234936916856113
"1147",0.0932141661378521,-0.0241708963776883
"1148",0.0932141661378521,-0.0248470650429813
"1149",0.0932141661378521,-0.0255221302960845
"1150",0.0483976277003195,-0.0261960247515923
"1151",0.0483976277003195,-0.0268686810240992
"1152",0.0483976277003195,-0.0275400317281994
"1153",0.0483976277003195,-0.0282100094784872
"1154",0.0483976277003195,-0.028878546889557
"1155",0.0483976277003195,-0.0295455765760034
"1156",0.0483976277003195,-0.0302110311524203
"1157",0.0483976277003195,-0.0308748432334023
"1158",0.0483976277003195,-0.0315369454335436
"1159",0.0483976277003195,-0.0321972703674388
"1160",0.0483976277003195,-0.032855750649682
"1161",0.0483976277003195,-0.0335123188948676
"1162",0.0483976277003195,-0.0341669077175901
"1163",0.0483976277003195,-0.0348194497324437
"1164",0.0483976277003195,-0.0354698775540228
"1165",0.0483976277003195,-0.0361181237969216
"1166",0.0483976277003195,-0.0367641210757347
"1167",0.0483976277003195,-0.0374078020050562
"1168",0.0483976277003195,-0.0380490991994806
"1169",0.0483976277003195,-0.0386879452736022
"1170",0.0483976277003195,-0.0393242728420153
"1171",0.0483976277003195,-0.0399580145193145
"1172",0.00257596499029211,-0.0405891029200938
"1173",0.00257596499029211,-0.0412174706589476
"1174",0.00257596499029211,-0.0418430503504704
"1175",0.00257596499029211,-0.0424657746092565
"1176",0.00257596499029211,-0.0430855760499002
"1177",0.00257596499029211,-0.0437023872869958
"1178",0.00257596499029211,-0.0443161409351378
"1179",0.00257596499029211,-0.0449267696089205
"1180",0.00257596499029211,-0.0455342059229382
"1181",0.00257596499029211,-0.0461383824917852
"1182",0.00257596499029211,-0.0467392319300559
"1183",0.00257596499029211,-0.0473366868523447
"1184",0.00257596499029211,-0.0479306798732458
"1185",0.00257596499029211,-0.0485211436073537
"1186",0.00257596499029211,-0.0491080106692627
"1187",0.00257596499029211,-0.049691213673567
"1188",0.00257596499029211,-0.0502706852348613
"1189",0.00257596499029211,-0.0508463579677396
"1190",0.00257596499029211,-0.0514181644867963
"1191",0.00257596499029211,-0.0519860374066259
"1192",-0.0913315017229081,-0.0525499093418226
"1193",-0.0913315017229081,-0.0531097129069808
"1194",-0.0913315017229081,-0.0536653807166948
"1195",-0.0913315017229081,-0.0542168453855591
"1196",-0.0913315017229081,-0.054764039528168
"1197",-0.0913315017229081,-0.0553068957591156
"1198",-0.0913315017229081,-0.0558453466929965
"1199",-0.0913315017229081,-0.056379324944405
"1200",-0.0913315017229081,-0.0569087631279354
"1201",-0.0913315017229081,-0.0574335938581821
"1202",-0.0913315017229081,-0.0579537497497394
"1203",-0.0913315017229081,-0.0584691634172017
"1204",-0.0913315017229081,-0.0589797674751633
"1205",-0.0913315017229081,-0.0594854945382185
"1206",-0.0913315017229081,-0.0599862772209617
"1207",-0.0913315017229081,-0.0604820481379873
"1208",-0.0913315017229081,-0.0609727399038895
"1209",-0.0913315017229081,-0.0614582851332628
"1210",-0.0913315017229081,-0.0619386164407014
"1211",-0.0913315017229081,-0.0624136664407998
"1212",-0.0913315017229081,-0.0628833677481522
"1213",-0.0913315017229081,-0.0633476529773532
"1214",-0.0913315017229081,-0.0638064547429968
"1215",-0.0913315017229081,-0.0642597056596776
"1216",-0.0913315017229081,-0.0647073383419898
"1217",-0.135404964032641,-0.0651492854045278
"1218",-0.135404964032641,-0.0655854794618859
"1219",-0.135404964032641,-0.0660158531286586
"1220",-0.135404964032641,-0.06644033901944
"1221",-0.135404964032641,-0.0668588697488248
"1222",-0.135404964032641,-0.0672713779314069
"1223",-0.135404964032641,-0.067677796181781
"1224",-0.135404964032641,-0.0680780571145413
"1225",-0.135404964032641,-0.0684720933442822
"1226",-0.135404964032641,-0.068859837485598
"1227",-0.135404964032641,-0.0692412221530829
"1228",-0.135404964032641,-0.0696161799613316
"1229",-0.135404964032641,-0.0699846435249382
"1230",-0.135404964032641,-0.0703465454584971
"1231",-0.135404964032641,-0.0707018183766027
"1232",-0.135404964032641,-0.0710503948938492
"1233",-0.135404964032641,-0.071392207624831
"1234",-0.135404964032641,-0.0717271891841425
"1235",-0.135404964032641,-0.0720552721863781
"1236",-0.135404964032641,-0.072376389246132
"1237",-0.135404964032641,-0.0726904729779986
"1238",-0.135404964032641,-0.0729974559965724
"1239",-0.135404964032641,-0.0732972709164475
"1240",-0.135404964032641,-0.0735898503522183
"1241",-0.135404964032641,-0.0738751269184793
"1242",-0.135404964032641,-0.0741530332298247
"1243",-0.167653768271702,-0.0744235019008489
"1244",-0.167653768271702,-0.0746864655461462
"1245",-0.167653768271702,-0.0749418567803111
"1246",-0.167653768271702,-0.0751896082179377
"1247",-0.167653768271702,-0.0754296524736206
"1248",-0.167653768271702,-0.0756619221619539
"1249",-0.167653768271702,-0.0758863498975321
"1250",-0.167653768271702,-0.0761028682949496
"1251",-0.167653768271702,-0.0763114099688005
"1252",-0.167653768271702,-0.0765119075336794
"1253",-0.167653768271702,-0.0767042936041805
"1254",-0.167653768271702,-0.0768885007948983
"1255",-0.167653768271702,-0.077064461720427
"1256",-0.167653768271702,-0.0772321089953609
"1257",-0.167653768271702,-0.0773913752342945
"1258",-0.167653768271702,-0.0775421930518221
"1259",-0.167653768271702,-0.077684495062538
"1260",-0.167653768271702,-0.0778182138810365
"1261",-0.167653768271702,-0.0779432821219121
"1262",-0.167653768271702,-0.078059632399759
"1263",-0.167653768271702,-0.0781671973291717
"1264",-0.167653768271702,-0.0782659095247444
"1265",-0.167653768271702,-0.0783557016010715
"1266",-0.167653768271702,-0.0784365061727473
"1267",-0.167653768271702,-0.0785082558543662
"1268",-0.167653768271702,-0.0785708832605226
"1269",-0.167653768271702,-0.0786243210058108
"1270",-0.167653768271702,-0.0786685017048251
"1271",-0.167653768271702,-0.0787033579721598
"1272",-0.167653768271702,-0.0787288224224094
"1273",-0.167653768271702,-0.0787448276701681
"1274",-0.167653768271702,-0.0787513063300304
"1275",-0.167653768271702,-0.0787481910165905
"1276",-0.167653768271702,-0.0787354143444428
"1277",-0.167653768271702,-0.0787129089281816
"1278",-0.167653768271702,-0.0786806073824014
"1279",-0.167653768271702,-0.0786384423216964
"1280",-0.167653768271702,-0.0785863463606609
"1281",-0.167653768271702,-0.0785242521138895
"1282",-0.167653768271702,-0.0784520921959762
"1283",-0.167653768271702,-0.0783697992215156
"1284",-0.167653768271702,-0.078277305805102
"1285",-0.167653768271702,-0.0781745445613297
"1286",-0.167653768271702,-0.0780614481047931
"1287",-0.167653768271702,-0.0779379490500864
"1288",-0.171662609367645,-0.0778039800118041
"1289",-0.171662609367645,-0.0776594736045405
"1290",-0.171662609367645,-0.0775043624428899
"1291",-0.171662609367645,-0.0773385791414468
"1292",-0.171662609367645,-0.0771620563148054
"1293",-0.171662609367645,-0.07697472657756
"1294",-0.171662609367645,-0.0767765225443051
"1295",-0.171662609367645,-0.076567376829635
"1296",-0.171662609367645,-0.0763472220481439
"1297",-0.171662609367645,-0.0761159908144263
"1298",-0.171662609367645,-0.0758736157430766
"1299",-0.165664575147246,-0.075620029448689
"1300",-0.165664575147246,-0.0753551645458579
"1301",-0.165664575147246,-0.0750789536491776
"1302",-0.165664575147246,-0.0747913293732426
"1303",-0.165664575147246,-0.0744922243326471
"1304",-0.165664575147246,-0.0741815711419854
"1305",-0.165664575147246,-0.0738607789052767
"1306",-0.165664575147246,-0.0735348588324112
"1307",-0.165664575147246,-0.0732042430596084
"1308",-0.165664575147246,-0.0728689464873898
"1309",-0.165664575147246,-0.0725289840162766
"1310",-0.165664575147246,-0.0721843705467903
"1311",-0.165664575147246,-0.0718351209794525
"1312",-0.165664575147246,-0.0714812502147844
"1313",-0.165664575147246,-0.0711227731533074
"1314",-0.165664575147246,-0.0707597046955432
"1315",-0.165664575147246,-0.0703920597420129
"1316",-0.165664575147246,-0.0700198531932381
"1317",-0.165664575147246,-0.0696430999497402
"1318",-0.165664575147246,-0.0692618149120406
"1319",-0.165664575147246,-0.0688760129806607
"1320",-0.165664575147246,-0.0684857090561219
"1321",-0.165664575147246,-0.0680909180389456
"1322",-0.165664575147246,-0.0676916548296534
"1323",-0.165664575147246,-0.0672879343287665
"1324",-0.165664575147246,-0.0668797714368065
"1325",-0.165664575147246,-0.0664671810542947
"1326",-0.165664575147246,-0.0660501780817525
"1327",-0.165664575147246,-0.0656287774197014
"1328",-0.165664575147246,-0.0652029939686628
"1329",-0.165664575147246,-0.064772842629158
"1330",-0.165664575147246,-0.0643383383017086
"1331",-0.165664575147246,-0.063899495886836
"1332",-0.165664575147246,-0.0634563302850615
"1333",-0.165664575147246,-0.0630088563969067
"1334",-0.165664575147246,-0.0625570891228928
"1335",-0.165664575147246,-0.0621010433635413
"1336",-0.165664575147246,-0.0616407340193738
"1337",-0.165664575147246,-0.0611761759909114
"1338",-0.165664575147246,-0.0607073841786757
"1339",-0.165664575147246,-0.0602343734831881
"1340",-0.165664575147246,-0.0597571588049701
"1341",-0.165664575147246,-0.059275755044543
"1342",-0.185929427009384,-0.0587901771024283
"1343",-0.185929427009384,-0.0583004398791473
"1344",-0.185929427009384,-0.0578065582752216
"1345",-0.185929427009384,-0.0573085471911724
"1346",-0.185929427009384,-0.0568064215275213
"1347",-0.185929427009384,-0.0563001961847896
"1348",-0.185929427009384,-0.0557898860634989
"1349",-0.185929427009384,-0.0552755060641704
"1350",-0.185929427009384,-0.0547570710873257
"1351",-0.185929427009384,-0.0542345960334861
"1352",-0.185929427009384,-0.053708095803173
"1353",-0.185929427009384,-0.0531775852969079
"1354",-0.185929427009384,-0.0526430794152121
"1355",-0.185929427009384,-0.0521045930586073
"1356",-0.162538981092652,-0.0515621411276146
"1357",-0.162538981092652,-0.0510157385227556
"1358",-0.162538981092652,-0.0504654001445517
"1359",-0.162538981092652,-0.0499111408935243
"1360",-0.162538981092652,-0.0493529756701948
"1361",-0.162538981092652,-0.0487909193750846
"1362",-0.162538981092652,-0.0482249869087152
"1363",-0.162538981092652,-0.0476551931716078
"1364",-0.162538981092652,-0.0470815530642842
"1365",-0.162538981092652,-0.0465040814872655
"1366",-0.21780793099997,-0.0459227933410732
"1367",-0.21780793099997,-0.0453377035262288
"1368",-0.21780793099997,-0.0447488269432537
"1369",-0.21780793099997,-0.0441561784926693
"1370",-0.21780793099997,-0.0435597730749969
"1371",-0.21780793099997,-0.042959625590758
"1372",-0.21780793099997,-0.0423557509404741
"1373",-0.21780793099997,-0.0417481640246666
"1374",-0.21780793099997,-0.0411368797438569
"1375",-0.21780793099997,-0.0405219129985664
"1376",-0.197916405837754,-0.0399032786893165
"1377",-0.197916405837754,-0.0392809917166286
"1378",-0.197916405837754,-0.0386550669810243
"1379",-0.197916405837754,-0.0380255193830246
"1380",-0.197916405837754,-0.0373923638231514
"1381",-0.197916405837754,-0.0367556152019259
"1382",-0.197916405837754,-0.0361152884198696
"1383",-0.197916405837754,-0.0354713983775037
"1384",-0.197916405837754,-0.0348239599753499
"1385",-0.222195484521332,-0.0341729881139295
"1386",-0.222195484521332,-0.0335184976937639
"1387",-0.222195484521332,-0.0328605036153745
"1388",-0.222195484521332,-0.0321990207792827
"1389",-0.222195484521332,-0.03153406408601
"1390",-0.222195484521332,-0.0308656484360779
"1391",-0.222195484521332,-0.0301937887300077
"1392",-0.222195484521332,-0.0295184998683207
"1393",-0.222195484521332,-0.0288397967515386
"1394",-0.222195484521332,-0.0281576942801826
"1395",-0.222195484521332,-0.0274722073547742
"1396",-0.222195484521332,-0.0267833508758347
"1397",-0.222195484521332,-0.0260911397438858
"1398",-0.222195484521332,-0.0253955888594487
"1399",-0.222195484521332,-0.0246967131230448
"1400",-0.222195484521332,-0.0239945274351957
"1401",-0.222195484521332,-0.0232890466964226
"1402",-0.222195484521332,-0.0225802858072472
"1403",-0.222195484521332,-0.0218682596681906
"1404",-0.222195484521332,-0.0211529831797743
"1405",-0.222195484521332,-0.0204344712425199
"1406",-0.222195484521332,-0.0197127387569487
"1407",-0.222195484521332,-0.0189878006235821
"1408",-0.222195484521332,-0.0182596717429416
"1409",-0.222195484521332,-0.0175283670155485
"1410",-0.222195484521332,-0.0167939013419243
"1411",-0.222195484521332,-0.0160562896225904
"1412",-0.222195484521332,-0.0153155467580682
"1413",-0.222195484521332,-0.0145716876488791
"1414",-0.222195484521332,-0.0138247271955446
"1415",-0.222195484521332,-0.0130746802985861
"1416",-0.222195484521332,-0.0123215618585251
"1417",-0.222195484521332,-0.0115653867758828
"1418",-0.222195484521332,-0.0108061699511808
"1419",-0.168019658541138,-0.0100439262849404
"1420",-0.168019658541138,-0.0092786706776831
"1421",-0.168019658541138,-0.0085104180299302
"1422",-0.168019658541138,-0.0077391832422033
"1423",-0.168019658541138,-0.00696498121502378
"1424",-0.168019658541138,-0.00618782684891298
"1425",-0.168019658541138,-0.00540773504439237
"1426",-0.168019658541138,-0.00462472070198335
"1427",-0.168019658541138,-0.00383879872220735
"1428",-0.168019658541138,-0.00304998400558577
"1429",-0.168019658541138,-0.00225829145263992
"1430",-0.148710943773865,-0.00146373596389146
"1431",-0.148710943773865,-0.000666332439861722
"1432",-0.148710943773865,0.000133904218927935
"1433",-0.148710943773865,0.000936959111956046
"1434",-0.148710943773865,0.00174281733870122
"1435",-0.148710943773865,0.00255146399864201
"1436",-0.148710943773865,0.00336288419125703
"1437",-0.148710943773865,0.00417706301602484
"1438",-0.148710943773865,0.00499398557242415
"1439",-0.148710943773865,0.00581363695993328
"1440",-0.135055273914254,0.00663600227803094
"1441",-0.135055273914254,0.00746106662619572
"1442",-0.135055273914254,0.00828881510390617
"1443",-0.135055273914254,0.00911923281064092
"1444",-0.135055273914254,0.00995230484587852
"1445",-0.135055273914254,0.0107880163090976
"1446",-0.135055273914254,0.0116263522997768
"1447",-0.135055273914254,0.0124672979173944
"1448",-0.135055273914254,0.0133108382614293
"1449",-0.135055273914254,0.0141569584313599
"1450",-0.135055273914254,0.0150056435266648
"1451",-0.135055273914254,0.0158568786468226
"1452",-0.135055273914254,0.016710648891312
"1453",-0.135055273914254,0.0175669393596114
"1454",-0.135055273914254,0.0184257351511996
"1455",-0.135055273914254,0.019287021365555
"1456",-0.135055273914254,0.0201507831021561
"1457",-0.135055273914254,0.0210170054604817
"1458",-0.135055273914254,0.0218856735400102
"1459",-0.135055273914254,0.0227567724402204
"1460",-0.135055273914254,0.0236302872605906
"1461",-0.135055273914254,0.0245062031005996
"1462",-0.135055273914254,0.0253845050597259
"1463",-0.135055273914254,0.0262651782374482
"1464",-0.135055273914254,0.0271482077332449
"1465",-0.135055273914254,0.0280335786465945
"1466",-0.123577613081813,0.0289212760769759
"1467",-0.123577613081813,0.0298112851238674
"1468",-0.123577613081813,0.0307035908867477
"1469",-0.123577613081813,0.0315981784650954
"1470",-0.123577613081813,0.032495032958389
"1471",-0.123577613081813,0.0333941394661073
"1472",-0.0325017597675515,0.0342954830877286
"1473",-0.0325017597675515,0.0351990489227316
"1474",-0.0325017597675515,0.0361048220705948
"1475",-0.0325017597675515,0.0370127876307969
"1476",-0.0325017597675515,0.0379229307028165
"1477",-0.0325017597675515,0.038835236386132
"1478",-0.0325017597675515,0.0397496897802221
"1479",-0.0325017597675515,0.0406662759845656
"1480",-0.0325017597675515,0.0415849800986407
"1481",-0.0325017597675515,0.0425057872219261
"1482",-0.0325017597675515,0.0434286824539004
"1483",-0.0325017597675515,0.0443536508940422
"1484",-0.0325017597675515,0.0452806776418301
"1485",-0.0325017597675515,0.0462097477967427
"1486",-0.0325017597675515,0.0471408464582585
"1487",-0.0325017597675515,0.0480739587258561
"1488",-0.0325017597675515,0.0490090696990143
"1489",-0.0325017597675515,0.0499461644772113
"1490",-0.0325017597675515,0.0508852281599259
"1491",-0.0325017597675515,0.0518262458466366
"1492",-0.0145031719096846,0.052769202636822
"1493",-0.0145031719096846,0.0537140836299607
"1494",-0.0145031719096846,0.0546608739255313
"1495",-0.0145031719096846,0.0556095586230124
"1496",-0.0145031719096846,0.0565601228218827
"1497",0.0565189008358262,0.0575125516216204
"1498",0.0565189008358262,0.0584668301217044
"1499",0.0565189008358262,0.0594229434216131
"1500",0.0565189008358262,0.0603808766208252
"1501",0.0565189008358262,0.0613406148188193
"1502",0.0565189008358262,0.0623021431150739
"1503",0.0565189008358262,0.0632654466090676
"1504",0.0565189008358262,0.0642305104002791
"1505",0.0565189008358262,0.0651973195881868
"1506",0.0565189008358262,0.0661658592722693
"1507",0.0565189008358262,0.0671361145520052
"1508",0.141392919244388,0.0681080705268731
"1509",0.141392919244388,0.0690817122963517
"1510",0.141392919244388,0.0700570249599194
"1511",0.141392919244388,0.0710339936170549
"1512",0.141392919244388,0.0720126033672367
"1513",0.141392919244388,0.0729928393099435
"1514",0.141392919244388,0.0739746865446538
"1515",0.141392919244388,0.074958130170846
"1516",0.141392919244388,0.075943155287999
"1517",0.141392919244388,0.0769297469955912
"1518",0.141392919244388,0.0779178903931012
"1519",0.192886553907303,0.0789075705800075
"1520",0.192886553907303,0.0798987726557889
"1521",0.192886553907303,0.080891481719924
"1522",0.192886553907303,0.0818856828718911
"1523",0.192886553907303,0.0828813612111689
"1524",0.192886553907303,0.083878501837236
"1525",0.192886553907303,0.0848770898495709
"1526",0.192886553907303,0.0858771103476524
"1527",0.192886553907303,0.0868785484309588
"1528",0.192886553907303,0.0878813891989689
"1529",0.192886553907303,0.0888856177511614
"1530",0.192886553907303,0.0898912191870145
"1531",0.237599952103324,0.0908981786060069
"1532",0.237599952103324,0.0919064811076173
"1533",0.237599952103324,0.0929161117913242
"1534",0.237599952103324,0.0939271805954812
"1535",0.237599952103324,0.0949409578148074
"1536",0.237599952103324,0.0959577789447446
"1537",0.237599952103324,0.0969776443259142
"1538",0.237599952103324,0.098000554298938
"1539",0.237599952103324,0.099026509204437
"1540",0.237599952103324,0.100055509383033
"1541",0.237599952103324,0.101087555175347
"1542",0.237599952103324,0.102122646922001
"1543",0.237599952103324,0.103160784963616
"1544",0.237599952103324,0.104201969640814
"1545",0.237599952103324,0.105246201294217
"1546",0.237599952103324,0.106293480264445
"1547",0.237599952103324,0.107343806892119
"1548",0.237599952103324,0.108397181517863
"1549",0.237599952103324,0.109453604482297
"1550",0.237599952103324,0.110513076126042
"1551",0.237599952103324,0.11157559678972
"1552",0.237599952103324,0.112641166813952
"1553",0.237599952103324,0.11370978653936
"1554",0.237599952103324,0.114781456306566
"1555",0.237599952103324,0.115856176456191
"1556",0.237599952103324,0.116933947328856
"1557",0.237599952103324,0.118014769265182
"1558",0.237599952103324,0.119098642605792
"1559",0.237599952103324,0.120185567691307
"1560",0.237599952103324,0.121275544862347
"1561",0.237599952103324,0.122368574459536
"1562",0.237599952103324,0.123464656823493
"1563",0.237599952103324,0.124563792294841
"1564",0.237599952103324,0.125665981214201
"1565",0.237599952103324,0.126771223922194
"1566",0.237599952103324,0.127879520759442
"1567",0.237599952103324,0.128990872066567
"1568",0.237599952103324,0.130105278184189
"1569",0.233913306414761,0.131222739452931
"1570",0.233913306414761,0.132343256213414
"1571",0.233913306414761,0.133466828806259
"1572",0.233913306414761,0.134593457572087
"1573",0.233913306414761,0.135723142851521
"1574",0.233913306414761,0.136855884985181
"1575",0.233913306414761,0.137991684313689
"1576",0.233913306414761,0.139130541177667
"1577",0.233913306414761,0.140272455917736
"1578",0.233913306414761,0.141417428874518
"1579",0.233913306414761,0.142565460388634
"1580",0.233913306414761,0.143716550800704
"1581",0.233913306414761,0.144870700451352
"1582",0.233913306414761,0.146027909681198
"1583",0.233913306414761,0.147188178830864
"1584",0.233913306414761,0.148351508240971
"1585",0.233913306414761,0.149517898252141
"1586",0.233913306414761,0.150687349204995
"1587",0.233913306414761,0.151859861440155
"1588",0.233913306414761,0.153035435298242
"1589",0.255349407065838,0.154214071119877
"1590",0.255349407065838,0.155395769245683
"1591",0.255349407065838,0.15658053001628
"1592",0.255349407065838,0.15776835377229
"1593",0.255349407065838,0.158959240854334
"1594",0.255349407065838,0.160153191603035
"1595",0.255349407065838,0.161350206359012
"1596",0.255349407065838,0.162550285462889
"1597",0.255349407065838,0.163753429255286
"1598",0.255349407065838,0.164959638076825
"1599",0.308830740952632,0.166168912268126
"1600",0.308830740952632,0.167381252169813
"1601",0.308830740952632,0.168596658122506
"1602",0.308830740952632,0.169815130466826
"1603",0.308830740952632,0.171036669543395
"1604",0.308830740952632,0.172261275692835
"1605",0.308830740952632,0.173488949255767
"1606",0.308830740952632,0.174719690572813
"1607",0.308830740952632,0.175953499984593
"1608",0.308830740952632,0.17719037783173
"1609",0.308830740952632,0.178430324454845
"1610",0.308830740952632,0.179673340194558
"1611",0.308830740952632,0.180919425391493
"1612",0.308830740952632,0.18216858038627
"1613",0.308830740952632,0.183420805519511
"1614",0.308830740952632,0.184676101131837
"1615",0.308830740952632,0.185934467563869
"1616",0.308830740952632,0.18719590515623
"1617",0.308830740952632,0.18846041424954
"1618",0.374856993662602,0.189727995184421
"1619",0.374856993662602,0.190998648301495
"1620",0.374856993662602,0.192272373941383
"1621",0.374856993662602,0.193549172444706
"1622",0.374856993662602,0.194829044152086
"1623",0.374856993662602,0.196111989404144
"1624",0.374856993662602,0.197398008541502
"1625",0.374856993662602,0.198687101904782
"1626",0.374856993662602,0.199979269834604
"1627",0.374856993662602,0.201274512671591
"1628",0.374856993662602,0.202572830756362
"1629",0.374856993662602,0.203874224429542
"1630",0.374856993662602,0.205178694031749
"1631",0.374856993662602,0.206486239903607
"1632",0.374856993662602,0.207796862385737
"1633",0.374856993662602,0.209110561818759
"1634",0.374856993662602,0.210427338543296
"1635",0.374856993662602,0.211747192899969
"1636",0.374856993662602,0.213070125229399
"1637",0.374856993662602,0.214396135872208
"1638",0.374856993662602,0.215725225169017
"1639",0.374856993662602,0.217057393460448
"1640",0.360467200946282,0.218392641087123
"1641",0.360467200946282,0.219730968389661
"1642",0.360467200946282,0.221072375708687
"1643",0.360467200946282,0.22241686338482
"1644",0.360467200946282,0.223764431758681
"1645",0.408847213727572,0.225115081170894
"1646",0.408847213727572,0.226468811962078
"1647",0.408847213727572,0.227825624472856
"1648",0.408847213727572,0.229185519043849
"1649",0.408847213727572,0.230548496015678
"1650",0.408847213727572,0.231914555728966
"1651",0.408847213727572,0.233283698524332
"1652",0.408847213727572,0.2346559247424
"1653",0.408847213727572,0.236031234723789
"1654",0.412535663449541,0.237409628809122
"1655",0.412535663449541,0.23879110733902
"1656",0.412535663449541,0.240175670654106
"1657",0.412535663449541,0.241563319094999
"1658",0.412535663449541,0.242954053002322
"1659",0.412535663449541,0.244347872716696
"1660",0.412535663449541,0.245744778578742
"1661",0.412535663449541,0.247144770929083
"1662",0.412535663449541,0.248547850108338
"1663",0.412535663449541,0.249954016457131
"1664",0.412535663449541,0.251363270316082
"1665",0.412535663449541,0.252775612025813
"1666",0.419719065513585,0.254191041926945
"1667",0.419719065513585,0.2556095603601
"1668",0.419719065513585,0.257031167665899
"1669",0.419719065513585,0.258455864184964
"1670",0.419719065513585,0.259883650257916
"1671",0.419719065513585,0.261314526225376
"1672",0.408553026456794,0.262748492427967
"1673",0.408553026456794,0.264185549206309
"1674",0.408553026456794,0.265625696901024
"1675",0.408553026456794,0.267068935852734
"1676",0.408553026456794,0.268515266402059
"1677",0.408553026456794,0.269964688889623
"1678",0.408553026456794,0.271417203656044
"1679",0.408553026456794,0.272872811041946
"1680",0.408553026456794,0.27433151138795
"1681",0.408553026456794,0.275793305034677
"1682",0.408553026456794,0.277258192322749
"1683",0.408553026456794,0.278726173592787
"1684",0.408553026456794,0.280197249185413
"1685",0.408553026456794,0.281671419441248
"1686",0.408553026456794,0.283148684700913
"1687",0.408553026456794,0.28462904530503
"1688",0.408553026456794,0.286112501594221
"1689",0.408553026456794,0.287599053909107
"1690",0.408553026456794,0.289088702590309
"1691",0.454648149211045,0.290581447978449
"1692",0.454648149211045,0.292077290414149
"1693",0.454648149211045,0.293576230238029
"1694",0.454648149211045,0.295078267790711
"1695",0.454648149211045,0.296583403412818
"1696",0.454648149211045,0.298091637444969
"1697",0.454648149211045,0.299602970227787
"1698",0.454648149211045,0.301117402101893
"1699",0.454648149211045,0.30263493340791
"1700",0.454648149211045,0.304155564486457
"1701",0.454648149211045,0.305679295678156
"1702",0.454648149211045,0.307206127323629
"1703",0.454648149211045,0.308736059763498
"1704",0.454648149211045,0.310269093338384
"1705",0.454648149211045,0.311805228388908
"1706",0.454648149211045,0.313344465255692
"1707",0.454648149211045,0.314886804279357
"1708",0.454648149211045,0.316432245800525
"1709",0.454648149211045,0.317980790159818
"1710",0.454648149211045,0.319532437697855
"1711",0.530105881183413,0.321087188755261
"1712",0.530105881183413,0.322645043672654
"1713",0.530105881183413,0.324206002790658
"1714",0.530105881183413,0.325770066449893
"1715",0.530105881183413,0.327337234990982
"1716",0.530105881183413,0.328907508754545
"1717",0.530105881183413,0.330480888081203
"1718",0.530105881183413,0.33205737331158
"1719",0.530105881183413,0.333636964786294
"1720",0.530105881183413,0.33521966284597
"1721",0.530105881183413,0.336805467831227
"1722",0.530105881183413,0.338394380082687
"1723",0.530105881183413,0.339986399940972
"1724",0.530105881183413,0.341581428172453
"1725",0.530105881183413,0.343179027303414
"1726",0.530105881183413,0.344779147567786
"1727",0.530105881183413,0.346381791017088
"1728",0.530105881183413,0.347986959702837
"1729",0.530105881183413,0.34959465567655
"1730",0.530105881183413,0.351204880989746
"1731",0.523671679471571,0.352817637693943
"1732",0.523671679471571,0.354432927840658
"1733",0.523671679471571,0.356050753481409
"1734",0.523671679471571,0.357671116667715
"1735",0.523671679471571,0.359294019451091
"1736",0.523671679471571,0.360919463883058
"1737",0.523671679471571,0.362547452015132
"1738",0.523671679471571,0.364177985898832
"1739",0.523671679471571,0.365811067585674
"1740",0.523671679471571,0.367446699127178
"1741",0.523671679471571,0.369084882574861
"1742",0.501847796360265,0.37072561998024
"1743",0.501847796360265,0.372368913394833
"1744",0.501847796360265,0.374014764870159
"1745",0.501847796360265,0.375663176457735
"1746",0.501847796360265,0.377314150209079
"1747",0.501847796360265,0.378967688175709
"1748",0.501847796360265,0.380623792409142
"1749",0.501847796360265,0.382282464960898
"1750",0.501847796360265,0.383943707882492
"1751",0.501847796360265,0.385607523225443
"1752",0.501847796360265,0.38727391304127
"1753",0.501847796360265,0.388942879381489
"1754",0.501847796360265,0.390614424297619
"1755",0.501847796360265,0.392288549841176
"1756",0.501847796360265,0.393965258063681
"1757",0.501847796360265,0.395644551016649
"1758",0.501847796360265,0.3973264307516
"1759",0.501847796360265,0.399010899320051
"1760",0.501847796360265,0.400697958773518
"1761",0.501847796360265,0.402387611163522
"1762",0.501847796360265,0.404079858541578
"1763",0.501847796360265,0.405774702959206
"1764",0.501847796360265,0.407472146467923
"1765",0.501847796360265,0.409172191119246
"1766",0.501847796360265,0.410874838964694
"1767",0.501847796360265,0.412580092055784
"1768",0.501847796360265,0.414287952444035
"1769",0.501847796360265,0.415998422180964
"1770",0.501847796360265,0.417711503318089
"1771",0.501847796360265,0.419427197906927
"1772",0.501847796360265,0.421145507998997
"1773",0.501847796360265,0.422866435645816
"1774",0.501847796360265,0.424589982898903
"1775",0.501847796360265,0.426316151809775
"1776",0.482654390842409,0.428044944429949
"1777",0.482654390842409,0.429776362810944
"1778",0.482654390842409,0.431510409004278
"1779",0.482654390842409,0.433247085061468
"1780",0.482654390842409,0.434986393034032
"1781",0.482654390842409,0.436728334973489
"1782",0.482654390842409,0.438472912931355
"1783",0.482654390842409,0.440220128959149
"1784",0.482654390842409,0.441969985108389
"1785",0.482654390842409,0.443722483430591
"1786",0.482654390842409,0.445477625977276
"1787",0.482654390842409,0.447235414799959
"1788",0.482654390842409,0.448995851950159
"1789",0.482654390842409,0.450758939479393
"1790",0.482654390842409,0.452524679439181
"1791",0.482654390842409,0.454293073881039
"1792",0.482654390842409,0.456064124856484
"1793",0.482654390842409,0.457837834417036
"1794",0.482654390842409,0.459614204614211
"1795",0.482654390842409,0.461393237499529
"1796",0.482654390842409,0.463174935124505
"1797",0.482654390842409,0.46495929954066
"1798",0.482654390842409,0.466746332799509
"1799",0.482654390842409,0.468536036952571
"1800",0.482654390842409,0.470328414051365
"1801",0.482654390842409,0.472123466147406
"1802",0.482654390842409,0.473921195292214
"1803",0.482654390842409,0.475721603537307
"1804",0.482654390842409,0.477524692934202
"1805",0.482654390842409,0.479330465534416
"1806",0.482654390842409,0.481138923389469
"1807",0.469855904279182,0.482950068550877
"1808",0.469855904279182,0.484763903070158
"1809",0.469855904279182,0.486580428998832
"1810",0.469855904279182,0.488399648388413
"1811",0.469855904279182,0.490221563290423
"1812",0.469855904279182,0.492046175756376
"1813",0.469855904279182,0.493873487837793
"1814",0.469855904279182,0.495703501586189
"1815",0.469855904279182,0.497536219053085
"1816",0.469855904279182,0.499371642289996
"1817",0.469855904279182,0.501209773348441
"1818",0.469855904279182,0.503050614279939
"1819",0.469855904279182,0.504894167136005
"1820",0.469855904279182,0.506740433968159
"1821",0.469855904279182,0.508589416827918
"1822",0.469855904279182,0.510441117766801
"1823",0.469855904279182,0.512295538836324
"1824",0.469855904279182,0.514152682088006
"1825",0.469855904279182,0.516012549573365
"1826",0.461550782655157,0.517875143343918
"1827",0.461550782655157,0.519740465451184
"1828",0.461550782655157,0.521608517946679
"1829",0.461550782655157,0.523479302881922
"1830",0.461550782655157,0.525352822308431
"1831",0.461550782655157,0.527229078277724
"1832",0.461550782655157,0.529108072841318
"1833",0.461550782655157,0.530989808050732
"1834",0.461550782655157,0.532874285957482
"1835",0.461550782655157,0.534761508613087
"1836",0.461550782655157,0.536651478069066
"1837",0.461550782655157,0.538544196376934
"1838",0.461550782655157,0.540439665588211
"1839",0.461550782655157,0.542337887754414
"1840",0.461550782655157,0.544238864927061
"1841",0.461550782655157,0.546142599157671
"1842",0.461550782655157,0.548049092497759
"1843",0.461550782655157,0.549958346998846
"1844",0.461550782655157,0.551870364712447
"1845",0.461550782655157,0.553785147690083
"1846",0.461550782655157,0.555702697983268
"1847",0.461550782655157,0.557623017643523
"1848",0.461550782655157,0.559546108722365
"1849",0.461550782655157,0.561471973271311
"1850",0.461550782655157,0.56340061334188
"1851",0.461550782655157,0.565332030985588
"1852",0.461550782655157,0.567266228253955
"1853",0.461550782655157,0.569203207198497
"1854",0.461550782655157,0.571142969870734
"1855",0.461550782655157,0.573085518322181
"1856",0.461550782655157,0.575030854604358
"1857",0.461550782655157,0.576978980768782
"1858",0.461550782655157,0.578929898866971
"1859",0.461550782655157,0.580883610950444
"1860",0.461550782655157,0.582840119070716
"1861",0.461550782655157,0.584799425279308
"1862",0.461550782655157,0.586761531627735
"1863",0.495822296377919,0.588726440167517
"1864",0.495822296377919,0.59069415295017
"1865",0.495822296377919,0.592664672027214
"1866",0.495822296377919,0.594637999450165
"1867",0.495822296377919,0.596614137270541
"1868",0.495822296377919,0.598593087539861
"1869",0.495822296377919,0.600574852309642
"1870",0.495822296377919,0.602559433631402
"1871",0.495822296377919,0.604546833556659
"1872",0.495822296377919,0.60653705413693
"1873",0.495822296377919,0.608530097423734
"1874",0.495822296377919,0.610525965468589
"1875",0.495822296377919,0.612524660323011
"1876",0.495822296377919,0.614526184038519
"1877",0.495822296377919,0.616530538666631
"1878",0.495822296377919,0.618537726258864
"1879",0.495822296377919,0.620547748866738
"1880",0.495822296377919,0.622560608541768
"1881",0.495822296377919,0.624576307335474
"1882",0.495822296377919,0.626594847299372
"1883",0.495822296377919,0.628616230484981
"1884",0.495822296377919,0.630640458943819
"1885",0.495822296377919,0.632667534727403
"1886",0.495822296377919,0.634697459887252
"1887",0.495822296377919,0.636730236474882
"1888",0.495822296377919,0.638765866541813
"1889",0.495822296377919,0.64080435213956
"1890",0.495822296377919,0.642845695319645
"1891",0.495822296377919,0.644889898133582
"1892",0.495822296377919,0.64693696263289
"1893",0.495822296377919,0.648986890869088
"1894",0.495822296377919,0.651039684893692
"1895",0.495822296377919,0.653095346758221
"1896",0.495822296377919,0.655153878514192
"1897",0.495822296377919,0.657215282213125
"1898",0.495822296377919,0.659279559906535
"1899",0.495822296377919,0.661346713645942
"1900",0.495822296377919,0.663416745482862
"1901",0.495822296377919,0.665489657468814
"1902",0.495822296377919,0.667565451655316
"1903",0.495822296377919,0.669644130093884
"1904",0.495822296377919,0.671725694836039
"1905",0.495822296377919,0.673810147933295
"1906",0.495822296377919,0.675897491437174
"1907",0.495822296377919,0.67798772739919
"1908",0.495822296377919,0.680080857870864
"1909",0.495822296377919,0.682176884903711
"1910",0.495822296377919,0.684275810549251
"1911",0.495822296377919,0.686377636859001
"1912",0.495822296377919,0.688482365884478
"1913",0.495822296377919,0.690589999677202
"1914",0.495822296377919,0.692700540288688
"1915",0.495822296377919,0.694813989770457
"1916",0.495822296377919,0.696930350174025
"1917",0.495822296377919,0.699049623550909
"1918",0.495822296377919,0.701171811952628
"1919",0.495822296377919,0.7032969174307
"1920",0.495822296377919,0.705424942036643
"1921",0.495822296377919,0.707555887821973
"1922",0.495822296377919,0.70968975683821
"1923",0.495822296377919,0.711826551136871
"1924",0.495822296377919,0.713966272769474
"1925",0.495822296377919,0.716108923787536
"1926",0.495822296377919,0.718254506242576
"1927",0.495822296377919,0.720403022186111
"1928",0.495822296377919,0.722554473669659
"1929",0.495822296377919,0.724708862744739
"1930",0.495822296377919,0.726866191462866
"1931",0.495822296377919,0.729026461875561
"1932",0.495822296377919,0.73118967603434
"1933",0.495822296377919,0.733355835990722
"1934",0.495822296377919,0.735524943796224
"1935",0.495822296377919,0.737697001502363
"1936",0.495822296377919,0.739872011160659
"1937",0.495822296377919,0.742049974822627
"1938",0.495822296377919,0.744230894539788
"1939",0.495822296377919,0.746414772363657
"1940",0.495822296377919,0.748601610345754
"1941",0.495822296377919,0.750791410537596
"1942",0.495822296377919,0.7529841749907
"1943",0.495822296377919,0.755179905756586
"1944",0.495822296377919,0.757378604886769
"1945",0.495822296377919,0.759580274432769
"1946",0.495822296377919,0.761784916446103
"1947",0.495822296377919,0.763992532978289
"1948",0.495822296377919,0.766203126080844
"1949",0.495822296377919,0.768416697805288
"1950",0.495822296377919,0.770633250203136
"1951",0.495822296377919,0.772852785325908
"1952",0.495822296377919,0.775075305225121
"1953",0.495822296377919,0.777300811952292
"1954",0.495822296377919,0.779529307558941
"1955",0.495822296377919,0.781760794096584
"1956",0.495822296377919,0.78399527361674
"1957",0.495822296377919,0.786232748170925
"1958",0.495822296377919,0.788473219810659
"1959",0.495822296377919,0.790716690587459
"1960",0.495822296377919,0.792963162552842
"1961",0.495822296377919,0.795212637758328
"1962",0.495822296377919,0.797465118255431
"1963",0.495822296377919,0.799720606095673
"1964",0.495822296377919,0.80197910333057
"1965",0.495822296377919,0.804240612011639
"1966",0.495822296377919,0.8065051341904
"1967",0.495822296377919,0.808772671918368
"1968",0.495822296377919,0.811043227247064
"1969",0.495822296377919,0.813316802228002
"1970",0.495822296377919,0.815593398912704
"1971",0.495822296377919,0.817873019352685
"1972",0.495822296377919,0.820155665599464
"1973",0.495822296377919,0.822441339704558
"1974",0.495822296377919,0.824730043719486
"1975",0.495822296377919,0.827021779695766
"1976",0.495822296377919,0.829316549684913
"1977",0.495822296377919,0.831614355738448
"1978",0.495822296377919,0.833915199907887
"1979",0.495822296377919,0.836219084244749
"1980",0.495822296377919,0.838526010800551
"1981",0.495822296377919,0.840835981626812
"1982",0.495822296377919,0.843148998775048
"1983",0.495822296377919,0.845465064296778
"1984",0.495822296377919,0.847784180243521
"1985",0.495822296377919,NA
"1986",0.495822296377919,NA
"1987",0.495822296377919,NA
"1988",0.495822296377919,NA
"1989",0.495822296377919,NA
"1990",0.495822296377919,NA
"1991",0.495822296377919,NA
"1992",0.495822296377919,NA
"1993",0.495822296377919,NA
"1994",0.495822296377919,NA
"1995",0.495822296377919,NA
"1996",0.495822296377919,NA
"1997",0.495822296377919,NA
"1998",0.495822296377919,NA
"1999",0.495822296377919,NA
"2000",0.495822296377919,NA
"2001",0.495822296377919,NA
